Player,Age,Team,Pos,Cap_Pred, Salary_Pred , Salary_Actual , Salary_Diff ,DARKO,LEBRON,RAPM,Minutes,usg,is_FA
Luka Doncic,26,LAL,PG,33.5%," $51,226,972.00 "," $49,800,000.00 "," $1,426,972.00 ",4.46,5.20277373,5.571,2289,38.1,FALSE
Shai Gilgeous-Alexander,27,OKC,PG,32.9%," $50,385,412.00 "," $40,806,150.00 "," $9,579,262.00 ",5.62,6.226180976,9.654,2259,33.4,FALSE
Nikola Jokic,30,DEN,C,32.7%," $49,955,776.00 "," $59,033,114.00 "," $(9,077,338.00)",7.03,6.797957959,9.496,2265,30.4,FALSE
Bam Adebayo,28,MIA,C,32.1%," $49,097,290.00 "," $49,800,000.00 "," $(702,712.00)",2.26,3.496504197,1.932,2365,25,FALSE
Donovan Mitchell,29,CLE,SG,31.9%," $48,834,676.00 "," $50,105,628.00 "," $(1,270,952.00)",3.87,3.805424546,5.589,2342,32.2,FALSE
Cade Cunningham,24,DET,PG,31.8%," $48,721,292.00 "," $50,105,628.00 "," $(1,384,336.00)",3.64,5.192168744,4.266,2172,30.5,FALSE
Karl-Anthony Towns,30,NYK,C,29.9%," $45,820,776.00 "," $57,078,728.00 "," $(11,257,952.00)",3.57,3.088648097,2.338,2322,25.9,FALSE
Jayson Tatum,27,BOS,PF,29.8%," $45,667,800.00 "," $58,456,566.00 "," $(12,788,766.00)",3.41,3.699934005,4.387,522,30,FALSE
Anthony Edwards,24,MIN,SG,29.5%," $45,073,496.00 "," $48,924,624.00 "," $(3,851,128.00)",3.58,1.191730149,3.955,2137,31.5,FALSE
Jaylen Brown,29,BOS,SF,29.2%," $44,611,932.00 "," $57,078,728.00 "," $(12,466,796.00)",1.78,2.204604361,2.416,2443,36.2,FALSE
Scottie Barnes,24,TOR,PF,28.9%," $44,157,356.00 "," $41,754,690.00 "," $2,402,666.00 ",2.88,2.882889016,3.606,2681,23.4,FALSE
Jamal Murray,28,DEN,PG,28.7%," $43,973,628.00 "," $50,105,628.00 "," $(6,132,000.00)",2.8,1.552591832,3.693,2652,27.9,FALSE
Kawhi Leonard,34,LAC,SF,28.7%," $43,945,224.00 "," $50,300,000.00 "," $(6,354,776.00)",5.88,5.375744007,8.303,2085,33.5,FALSE
Devin Booker,29,PHO,SG,28.7%," $43,863,204.00 "," $57,078,728.00 "," $(13,215,524.00)",1.99,2.269559667,2.793,2146,32.2,FALSE
De'Aaron Fox,28,SAS,PG,28.6%," $43,730,690.00 "," $49,800,000.00 "," $(6,069,312.00)",2.16,2.099030658,2.838,2231,24.9,FALSE
Evan Mobley,24,CLE,PF,28.4%," $43,493,132.00 "," $50,105,628.00 "," $(6,612,496.00)",1.81,3.167231012,2.769,2074,22.6,FALSE
Jalen Brunson,29,NYK,PG,27.2%," $41,636,640.00 "," $37,739,521.00 "," $3,897,119.00 ",3.39,2.166737208,2.199,2590,30.4,FALSE
Victor Wembanyama,22,SAS,C,27.0%," $41,344,588.00 "," $16,868,246.00 "," $24,476,342.00 ",6.36,7.91769739,8.161,1866,32.4,FALSE
Kevin Durant,37,HOU,SF,26.6%," $40,690,070.00 "," $43,902,439.00 "," $(3,212,367.00)",3.17,1.950822049,3.077,2840,27.1,FALSE
Tyrese Maxey,25,PHI,PG,26.1%," $39,874,770.00 "," $40,770,520.00 "," $(895,752.00)",1.79,2.626476477,3.856,2661,29.4,FALSE
Paolo Banchero,23,ORL,PF,25.9%," $39,692,628.00 "," $41,500,000.00 "," $(1,807,372.00)",0.29,1.030165176,0.631,2502,27.6,FALSE
Lauri Markkanen,28,UTA,PF,25.9%," $39,611,188.00 "," $46,113,154.00 "," $(6,501,966.00)",1.61,1.041254313,2.764,1443,28.1,FALSE
Joel Embiid,31,PHI,C,25.8%," $39,452,100.00 "," $58,100,000.00 "," $(18,647,900.00)",2.59,2.053978195,1.873,1201,33.5,FALSE
James Harden,36,LAC,PG,25.7%," $39,357,236.00 "," $42,317,307.00 "," $(2,960,071.00)",2.64,2.624443452,2.028,1559,31.2,FALSE
Derrick White,31,BOS,SG,25.5%," $39,089,424.00 "," $30,348,000.00 "," $8,741,424.00 ",1.54,4.498096381,3.938,2625,22,FALSE
Chet Holmgren,23,OKC,PF,25.4%," $38,878,356.00 "," $41,500,000.00 "," $(2,621,644.00)",3.29,4.715564582,4.794,1997,21.9,FALSE
Stephon Castle,21,SAS,PG,24.8%," $37,952,920.00 "," $10,015,920.00 "," $27,937,000.00 ",2.01,1.517444411,1.793,2038,24.9,FALSE
OG Anunoby,28,NYK,PF,24.8%," $37,899,560.00 "," $42,500,000.00 "," $(4,600,440.00)",3.59,1.871807441,3.415,2224,19.7,FALSE
Pascal Siakam,31,IND,PF,24.7%," $37,810,136.00 "," $48,924,624.00 "," $(11,114,488.00)",1.07,0.875398053,1.345,2057,30.1,FALSE
Deni Avdija,25,POR,SF,24.7%," $37,726,868.00 "," $13,125,000.00 "," $24,601,868.00 ",0.98,2.255913032,1.864,2199,29.3,FALSE
Giannis Antetokounmpo,31,MIL,PF,24.5%," $37,500,144.00 "," $58,456,566.00 "," $(20,956,422.00)",5.14,4.309623533,7.952,1039,37,FALSE
LeBron James,41,LAL,SF,24.2%," $37,003,012.00 ",," $(15,624,141.00)",1.31,2.598437666,2.865,1989,27.2,TRUE
Amen Thompson,23,HOU,PG,24.1%," $36,800,436.00 "," $12,258,609.00 "," $24,541,827.00 ",1.23,1.576957925,2.946,2953,20,FALSE
Jalen Johnson,24,ATL,SF,24.0%," $36,715,740.00 "," $30,000,000.00 "," $6,715,740.00 ",0.4,1.87186087,2.638,2532,27,FALSE
Anthony Davis,32,DAL,PF,23.8%," $36,451,860.00 "," $58,456,566.00 "," $(22,004,706.00)",1.59,1.900166025,2.525,626,27.5,FALSE
LaMelo Ball,24,CHO,PG,23.4%," $35,868,240.00 "," $40,770,520.00 "," $(4,902,280.00)",2.59,3.200478911,3.415,2017,32,FALSE
Austin Reaves,27,LAL,SG,22.9%," $35,032,876.00 "," $14,898,786.00 "," $20,134,090.00 ",1.02,1.900495698,3.43,1762,26.7,FALSE
Jalen Duren,22,DET,C,22.7%," $34,726,612.00 ",," $28,243,468.00 ",1.75,4.024624988,4.948,1976,23.6,TRUE
Michael Porter Jr.,27,BRK,SF,22.4%," $34,212,904.00 "," $40,806,150.00 "," $(6,593,246.00)",1.35,0.238576262,1.41,1689,30.5,FALSE
Brandon Ingram,28,TOR,SF,21.9%," $33,559,172.00 "," $40,000,000.00 "," $(6,440,828.00)",0.64,-0.254296093,-0.381,2604,26.9,FALSE
Nickeil Alexander-Walker,27,ATL,SG,21.8%," $33,315,782.00 "," $14,403,710.00 "," $18,912,072.00 ",0.85,0.825459255,2.466,2603,23.9,FALSE
Stephen Curry,37,GSW,PG,21.5%," $32,891,194.00 "," $62,587,158.00 "," $(29,695,964.00)",1.99,2.759624098,3.229,1329,32.5,FALSE
Brandon Miller,23,CHO,SF,21.2%," $32,418,190.00 "," $15,104,626.00 "," $17,313,564.00 ",0.71,1.568559445,2.453,1968,28.1,FALSE
Trey Murphy III,25,NOP,SF,20.9%," $31,914,322.00 "," $27,000,000.00 "," $4,914,322.00 ",0.07,1.104674421,2.101,2341,22.7,FALSE
Desmond Bane,27,ORL,SG,20.5%," $31,342,538.00 "," $39,446,090.00 "," $(8,103,552.00)",0.73,1.326667082,2.486,2756,23.3,FALSE
Franz Wagner,24,ORL,SF,20.4%," $31,156,170.00 "," $41,754,690.00 "," $(10,598,520.00)",1.58,1.734773017,2.467,1019,27,FALSE
Zion Williamson,25,NOP,PF,19.2%," $29,308,762.00 "," $42,166,510.00 "," $(12,857,748.00)",0.88,0.361655645,2.929,1841,25.7,FALSE
Immanuel Quickley,26,TOR,PG,18.9%," $28,956,438.00 "," $32,500,000.00 "," $(3,543,562.00)",0.88,2.191328216,1.854,2231,21.1,FALSE
Jalen Williams,24,OKC,SG,18.8%," $28,709,978.00 "," $41,500,000.00 "," $(12,790,022.00)",1.32,1.386865252,3.878,936,26.2,FALSE
Dyson Daniels,22,ATL,SG,18.6%," $28,413,186.00 "," $25,000,000.00 "," $3,413,186.00 ",0.76,2.181559908,3.657,2520,16,FALSE
Julius Randle,31,MIN,PF,18.2%," $27,861,454.00 "," $33,333,334.00 "," $(5,471,880.00)",-0.58,0.167797314,1.984,2610,26.5,FALSE
Payton Pritchard,28,BOS,PG,18.1%," $27,693,654.00 "," $7,767,857.00 "," $19,925,797.00 ",0.47,2.619879355,1.803,2556,21.4,FALSE
Miles Bridges,27,CHO,PF,18.1%," $27,692,268.00 "," $22,826,087.00 "," $4,866,181.00 ",0.14,1.247433834,1.576,2387,22.3,FALSE
Josh Giddey,23,CHI,PG,17.8%," $27,173,264.00 "," $25,000,000.00 "," $2,173,264.00 ",0.15,0.309513355,-0.083,1731,24.4,FALSE
Jarrett Allen,27,CLE,C,17.7%," $27,149,102.00 "," $28,000,000.00 "," $(850,898.00)",2.62,2.525334913,3.015,1519,19.9,FALSE
Ryan Rollins,23,MIL,PG,17.7%," $27,090,608.00 "," $4,000,000.00 "," $23,090,608.00 ",1.16,-1.00727026,0.657,2376,24.2,FALSE
Mikal Bridges,29,NYK,SF,17.6%," $26,979,886.00 "," $33,482,145.00 "," $(6,502,259.00)",0.47,2.03030037,2.966,2692,17.3,FALSE
Onyeka Okongwu,25,ATL,C,17.4%," $26,596,408.00 "," $16,120,000.00 "," $10,476,408.00 ",1.32,1.28834084,-0.165,2297,19.5,FALSE
Rudy Gobert,33,MIN,C,17.4%," $26,552,194.00 "," $36,500,000.00 "," $(9,947,806.00)",1.93,1.541712023,0.794,2380,12.9,FALSE
Ty Jerome,28,MEM,SG,17.3%," $26,498,934.00 "," $9,220,050.00 "," $17,278,884.00 ",2.3,2.841851407,5.576,339,32.7,FALSE
Paul George,35,PHI,PF,17.2%," $26,386,590.00 "," $54,126,380.00 "," $(27,739,790.00)",1.07,1.684364613,2.837,1135,23.3,FALSE
Jalen Suggs,24,ORL,PG,17.1%," $26,177,940.00 "," $32,400,000.00 "," $(6,222,060.00)",1.21,1.810539954,2.371,1574,22.9,FALSE
Aaron Gordon,30,DEN,PF,17.1%," $26,114,146.00 "," $33,658,037.00 "," $(7,543,891.00)",2.11,0.611814108,3.25,1005,21.9,FALSE
Keyonte George,22,UTA,PG,16.9%," $25,902,428.00 "," $6,563,925.00 "," $19,338,503.00 ",-1.07,-1.033451742,-0.786,1786,27.9,FALSE
Jimmy Butler,36,GSW,SF,16.7%," $25,620,874.00 "," $56,832,773.00 "," $(31,211,899.00)",1.92,,6.242,1182,23.3,FALSE
RJ Barrett,25,TOR,SF,16.5%," $25,312,860.00 "," $29,616,071.00 "," $(4,303,211.00)",0.62,1.093559786,1.083,1726,25.8,FALSE
Kevin Porter Jr.,25,MIL,PG,16.4%," $25,038,748.00 "," $5,390,700.00 "," $19,648,048.00 ",0.45,1.047090871,2.308,1261,24.3,FALSE
Darius Garland,26,CLE,PG,16.3%," $24,911,426.00 "," $42,166,510.00 "," $(17,255,084.00)",0.96,0.528605589,-1.49,792,25.8,FALSE
Devin Vassell,25,SAS,SG,15.9%," $24,322,032.00 "," $27,000,000.00 "," $(2,677,968.00)",1.11,-0.189579312,2.189,2044,18,FALSE
Anthony Black,22,ORL,PG,15.8%," $24,159,820.00 "," $10,106,316.00 "," $14,053,504.00 ",0.32,0.620048495,-0.256,1910,22.2,FALSE
Jaden McDaniels,25,MIN,PF,15.4%," $23,622,574.00 "," $26,200,001.00 "," $(2,577,427.00)",0.28,-1.18901546,0.719,2316,18.5,FALSE
Donte DiVincenzo,29,MIN,SG,15.4%," $23,506,102.00 "," $12,535,000.00 "," $10,971,102.00 ",1.44,0.329213034,1.72,2494,16.9,FALSE
Ja Morant,26,MEM,PG,15.3%," $23,464,736.00 "," $42,166,510.00 "," $(18,701,774.00)",0.89,0.735119036,-1.947,569,32.5,FALSE
Cooper Flagg,19,DAL,SF,15.3%," $23,422,318.00 "," $14,517,480.00 "," $8,904,838.00 ",-0.13,0.091848046,0.881,2344,26.9,FALSE
Tyler Herro,26,MIA,SG,14.9%," $22,832,444.00 "," $33,000,000.00 "," $(10,167,556.00)",0.55,0.078871738,0.767,1033,24.7,FALSE
Saddiq Bey,26,NOP,SF,14.9%," $22,831,162.00 "," $6,440,678.00 "," $16,390,484.00 ",-0.44,0.167521381,0.639,2246,21.6,FALSE
Isaiah Hartenstein,27,OKC,C,14.8%," $22,670,002.00 "," $28,500,000.00 "," $(5,829,998.00)",2.43,3.017607471,3.11,1137,16.1,FALSE
Donovan Clingan,21,POR,C,14.5%," $22,232,378.00 "," $7,519,920.00 "," $14,712,458.00 ",0.92,3.603034847,1.746,2094,16.9,FALSE
Ivica Zubac,28,LAC,C,14.5%," $22,229,172.00 "," $20,342,140.00 "," $1,887,032.00 ",1.22,0.401298999,-1.216,1328,19,FALSE
Shaedon Sharpe,22,POR,SG,14.5%," $22,216,240.00 "," $20,089,287.00 "," $2,126,953.00 ",0.03,-0.682785219,0.061,1471,30.5,FALSE
Mitchell Robinson,27,NYK,C,13.8%," $21,166,060.00 ",," $8,211,514.00 ",2.85,2.884813829,3.589,1175,10.7,TRUE
Kon Knueppel,20,CHO,SF,13.7%," $20,961,586.00 "," $10,516,560.00 "," $10,445,026.00 ",0.03,1.107721164,2.439,2551,22.3,FALSE
Keegan Murray,25,SAC,PF,13.7%," $20,912,772.00 "," $24,137,936.00 "," $(3,225,164.00)",-0.22,-0.325638139,-2.333,793,18.7,FALSE
Brandin Podziemski,22,GSW,SG,13.6%," $20,839,522.00 "," $5,679,459.00 "," $15,160,063.00 ",0.56,0.577526373,0.68,2333,20.1,FALSE
Matas Buzelis,21,CHI,PF,13.2%," $20,228,224.00 "," $5,715,360.00 "," $14,512,864.00 ",-0.82,-0.95599345,-1.302,2248,22.8,FALSE
Walker Kessler,24,UTA,C,13.1%," $20,053,726.00 ",," $15,174,788.00 ",0.64,-0.124542263,2.285,154,16.5,TRUE
Ausar Thompson,23,DET,SF,13.0%," $19,939,678.00 "," $11,117,925.00 "," $8,821,753.00 ",0.84,2.93419354,4.636,1896,16.9,FALSE
Jaime Jaquez Jr.,24,MIA,SF,12.9%," $19,707,150.00 "," $5,939,141.00 "," $13,768,009.00 ",-0.48,-0.729545548,0.129,2121,22.3,FALSE
Jrue Holiday,35,POR,PG,12.7%," $19,437,160.00 "," $34,800,000.00 "," $(15,362,840.00)",0.3,1.340600285,1.547,1560,23.5,FALSE
Josh Hart,30,NYK,SF,12.7%," $19,359,636.00 "," $20,923,760.00 "," $(1,564,124.00)",0.53,1.607636129,2.047,1994,16.7,FALSE
Coby White,25,CHI,SG,12.4%," $19,025,736.00 ",," $6,136,847.00 ",0.22,0.245016213,-0.612,843,27.1,TRUE
Norman Powell,32,MIA,SG,12.4%," $19,010,136.00 ",," $(1,472,622.00)",0.51,0.852068426,1.64,1717,27.2,TRUE
P.J. Washington,27,DAL,PF,12.3%," $18,819,856.00 "," $19,813,044.00 "," $(993,188.00)",-1.04,-0.317944554,-1.389,1736,20.1,FALSE
Julian Champagnie,24,SAS,SF,12.2%," $18,658,876.00 "," $3,000,000.00 "," $15,658,876.00 ",1.84,1.611297535,1.806,2266,15.2,FALSE
Wendell Carter Jr.,26,ORL,C,12.1%," $18,557,974.00 "," $18,102,000.00 "," $455,974.00 ",0.67,0.253735905,-0.487,2288,15.6,FALSE
Grayson Allen,30,PHO,SG,12.1%," $18,501,300.00 "," $18,125,000.00 "," $376,300.00 ",0.4,1.272255595,2.109,1467,23.8,FALSE
Dillon Brooks,30,PHO,SF,12.1%," $18,460,246.00 "," $19,992,727.00 "," $(1,532,481.00)",-0.21,-0.832382901,-1.04,1702,28.6,FALSE
Andrew Nembhard,26,IND,PG,12.0%," $18,414,946.00 "," $19,550,160.00 "," $(1,135,214.00)",-0.21,0.375562527,-1.131,1786,23.6,FALSE
Andrew Wiggins,30,MIA,SF,12.0%," $18,378,802.00 "," $30,169,644.00 "," $(11,790,842.00)",-0.49,0.472402415,0.446,2063,19.7,FALSE
CJ McCollum,34,ATL,PG,12.0%," $18,299,032.00 "," $21,000,000.00 "," $(2,700,968.00)",1.15,0.390066036,0.814,1182,26.9,FALSE
Ajay Mitchell,23,OKC,SG,11.9%," $18,178,050.00 "," $2,850,000.00 "," $15,328,050.00 ",0.95,2.211176801,4.022,1473,21.8,FALSE
Neemias Queta,26,BOS,C,11.8%," $18,127,140.00 "," $2,667,944.00 "," $15,459,196.00 ",1.02,3.686041798,3.922,1926,14.7,FALSE
Cason Wallace,22,OKC,SG,11.8%," $18,044,668.00 "," $7,420,806.00 "," $10,623,862.00 ",1.55,1.929329037,3.585,2046,14.5,FALSE
Naz Reid,26,MIN,C,11.8%," $18,026,176.00 "," $23,275,862.00 "," $(5,249,686.00)",0.21,1.40933694,-0.363,2007,22.1,FALSE
Marcus Smart,31,LAL,SG,11.8%," $18,020,896.00 "," $5,390,700.00 "," $12,630,196.00 ",0.98,0.35890729,0.459,1769,15.4,FALSE
Peyton Watson,23,DEN,SF,11.8%," $17,995,220.00 ",," $13,638,744.00 ",-0.81,-1.251054585,0.179,1598,20.6,TRUE
Kelly Oubre Jr.,30,PHI,SF,11.7%," $17,883,682.00 ",," $9,501,532.00 ",-0.21,-1.872830826,-0.527,1574,18.2,TRUE
Dylan Harper,19,SAS,SG,11.6%," $17,790,246.00 "," $12,989,040.00 "," $4,801,206.00 ",1.6,1.213301745,2.692,1558,21.8,FALSE
Domantas Sabonis,29,SAC,C,11.6%," $17,733,998.00 "," $45,472,000.00 "," $(27,738,002.00)",-0.72,1.65129174,-2.054,564,23,FALSE
VJ Edgecombe,20,PHI,SG,11.5%," $17,659,096.00 "," $11,663,880.00 "," $5,995,216.00 ",-0.48,-0.16151926,0.951,2623,20.1,FALSE
Cameron Johnson,29,DEN,SF,11.5%," $17,635,864.00 "," $23,062,500.00 "," $(5,426,636.00)",0.76,0.078288335,0.934,1647,15.1,FALSE
DeMar DeRozan,36,SAC,PF,11.3%," $17,234,820.00 "," $25,740,000.00 "," $(8,505,180.00)",-1.6,-0.511228404,0.32,2406,22.8,FALSE
Alex Caruso,31,OKC,SG,11.2%," $17,108,852.00 "," $19,550,160.00 "," $(2,441,308.00)",2.04,2.256691462,3.593,1020,15.7,FALSE
Bennedict Mathurin,23,IND,SF,11.1%," $17,038,134.00 ",," $7,850,561.00 ",-1.66,0.459619441,-3.281,891,23.2,TRUE
Jakob Poeltl,30,TOR,C,11.1%," $16,935,748.00 "," $19,500,000.00 "," $(2,564,252.00)",2.21,-0.321787439,0.901,1149,15.3,FALSE
Quentin Grimes,25,PHI,SG,11.0%," $16,811,134.00 ",," $8,069,925.00 ",-1.21,-0.990636033,-0.609,2206,19,TRUE
Trae Young,27,ATL,PG,11.0%," $16,790,212.00 ",," $(29,603,888.00)",0.59,1.26624079,0.697,280,28.8,TRUE
Deandre Ayton,27,LAL,C,10.8%," $16,481,955.00 "," $8,104,000.00 "," $8,377,955.00 ",0.17,-0.447609527,-0.74,1958,16.7,FALSE
Christian Braun,24,DEN,SG,10.8%," $16,447,981.00 "," $21,551,726.00 "," $(5,103,745.00)",0.58,-0.46332099,0.888,1399,14.8,FALSE
Herbert Jones,27,NOP,SF,10.7%," $16,355,610.00 "," $14,898,786.00 "," $1,456,824.00 ",0.84,-0.237642421,-1.225,1588,15.2,FALSE
Reed Sheppard,21,HOU,SG,10.6%," $16,250,873.00 "," $11,108,880.00 "," $5,141,993.00 ",0.02,-0.548749191,2.91,2147,21.7,FALSE
John Collins,28,LAC,PF,10.5%," $16,014,855.00 ",," $(10,565,145.00)",0.33,0.577514446,0.371,1872,19.5,TRUE
Toumani Camara,25,POR,PF,10.4%," $15,854,110.00 "," $18,080,358.00 "," $(2,226,248.00)",0.57,0.117122257,0.252,2731,16.3,FALSE
Tari Eason,24,HOU,PF,10.3%," $15,762,064.00 ",," $10,086,298.00 ",0.64,0.163104764,0.679,1549,18.7,TRUE
Kyshawn George,22,WAS,SF,10.2%," $15,664,466.00 "," $3,108,000.00 "," $12,556,466.00 ",-1.08,-1.108276867,-2.404,1391,22.8,FALSE
Aaron Nesmith,26,IND,SF,10.2%," $15,538,246.00 "," $11,000,000.00 "," $4,538,246.00 ",-0.09,-1.200469766,-3.081,1335,19.8,FALSE
Dariq Whitehead,21,MEM,SF,10.1%," $15,502,899.00 ",," $12,240,339.00 ",-2.6,-1.466021692,-6.495,183,24.1,TRUE
Jalen Smith,25,CHI,C,10.0%," $15,307,240.00 "," $9,428,571.00 "," $5,878,669.00 ",1.18,1.329183533,-0.337,1095,19,FALSE
Collin Gillespie,26,PHO,PG,10.0%," $15,262,842.00 ",," $12,966,568.00 ",0.68,1.849261355,1.419,2282,18.7,TRUE
Tobias Harris,33,DET,PF,9.6%," $14,717,364.00 ",," $(11,916,782.00)",0.63,1.657991116,2.152,1746,18.8,TRUE
Zach LaVine,30,SAC,SG,9.5%," $14,606,680.00 "," $48,967,380.00 "," $(34,360,700.00)",-2.31,-0.967768408,-1.861,1224,23.7,FALSE
alex sarr,20,WAS,C,9.5%," $14,475,126.00 "," $12,370,680.00 "," $2,104,446.00 ",,-0.253388269,-1.561,1305,25.7,FALSE
Dejounte Murray,29,NOP,PG,9.5%," $14,466,184.00 "," $32,785,071.00 "," $(18,318,887.00)",0.4,1.309853841,1.193,389,26.6,FALSE
Jerami Grant,31,POR,PF,9.4%," $14,345,784.00 "," $34,206,898.00 "," $(19,861,114.00)",-0.55,0.168188846,0.457,1695,23.8,FALSE
Sandro Mamukelashvili,26,TOR,C,9.2%," $14,147,658.00 "," $2,801,346.00 "," $11,346,312.00 ",1.45,1.992269211,1.782,1751,18.8,FALSE
Keldon Johnson,26,SAS,SF,9.2%," $14,139,115.00 "," $17,500,000.00 "," $(3,360,885.00)",-0.24,0.839238803,1.628,1911,21,FALSE
Moses Moody,23,GSW,SG,9.2%," $14,103,339.00 "," $12,500,000.00 "," $1,603,339.00 ",0.56,0.266471568,0.806,1540,18.3,FALSE
bub carrington,20,WAS,PG,9.0%," $13,776,104.00 "," $4,900,560.00 "," $8,875,544.00 ",,-5.071895913,-5.894,2271,18,FALSE
Brice Sensabaugh,22,UTA,SF,8.9%," $13,603,852.00 "," $4,862,237.00 "," $8,741,615.00 ",-0.51,-1.960485248,-2.837,1762,24.9,FALSE
Kel'el Ware,21,MIA,C,8.9%," $13,567,367.00 "," $4,654,920.00 "," $8,912,447.00 ",-0.05,1.473780831,0.661,1704,18,FALSE
Jalen Green,23,PHO,SG,8.8%," $13,406,838.00 "," $36,251,166.00 "," $(22,844,328.00)",0.02,-0.39462838,-0.677,828,31.9,FALSE
Myles Turner,29,MIL,C,8.8%," $13,390,586.00 "," $26,584,164.00 "," $(13,193,578.00)",-0.03,-0.304378613,-1.833,1912,18.6,FALSE
Davion Mitchell,27,MIA,PG,8.7%," $13,351,775.00 "," $12,400,000.00 "," $951,775.00 ",-0.18,-0.226178159,0.035,2000,13.6,FALSE
Paul Reed,26,DET,C,8.7%," $13,314,008.00 "," $5,602,689.00 "," $7,711,319.00 ",1.52,2.789886886,5.186,901,20.6,FALSE
Kris Dunn,31,LAC,PG,8.7%," $13,252,035.00 "," $5,684,800.00 "," $7,567,235.00 ",0.31,0.796888848,-0.121,2230,12.4,FALSE
Santi Aldama,25,MEM,PF,8.5%," $13,048,328.00 "," $17,007,043.00 "," $(3,958,715.00)",-0.23,-0.808184685,0.588,1198,20.2,FALSE
Kyle Filipowski,22,UTA,C,8.5%," $13,011,339.00 "," $3,000,000.00 "," $10,011,339.00 ",0.46,-0.455372342,-1.747,1801,20,FALSE
Zach Edey,23,MEM,C,8.5%," $12,993,205.00 "," $6,332,760.00 "," $6,660,445.00 ",0.03,0.329962509,1.581,284,20.2,FALSE
De'Anthony Melton,27,GSW,PG,8.5%," $12,984,939.00 "," $3,451,779.00 "," $9,533,160.00 ",0.61,0.77778814,-0.463,1125,25.4,FALSE
nic claxton,26,BRK,C,8.3%," $12,753,958.00 "," $23,147,727.00 "," $(10,393,769.00)",,-1.554624124,-1.406,1920,17.7,FALSE
Miles McBride,25,NYK,SG,8.3%," $12,623,476.00 "," $3,956,523.00 "," $8,666,953.00 ",1.19,0.971573623,2.143,1080,18.2,FALSE
Bobby Portis,30,MIL,PF,8.1%," $12,411,523.00 "," $14,521,414.00 "," $(2,109,891.00)",-0.93,-1.707759737,-0.418,1619,23.1,FALSE
Steven Adams,32,HOU,C,8.1%," $12,341,033.00 "," $13,000,000.00 "," $(658,967.00)",1.45,-0.72631913,0.151,730,12.1,FALSE
Duncan Robinson,31,DET,SG,8.0%," $12,268,600.00 "," $15,992,957.00 "," $(3,724,357.00)",0.57,1.2744499,1.551,2113,15.8,FALSE
Harrison Barnes,33,SAS,PF,7.9%," $12,121,988.00 ",," $(6,878,012.00)",0.49,0.004419175,0.4,1986,14.6,TRUE
Rui Hachimura,27,LAL,PF,7.9%," $12,036,183.00 ",," $(6,223,076.00)",-1.08,-2.056720938,-1.234,1927,15.2,TRUE
Naji Marshall,28,DAL,SF,7.8%," $12,001,201.00 "," $9,428,571.00 "," $2,572,630.00 ",-1.41,-0.803674231,0.525,2184,20.5,FALSE
Sam Hauser,28,BOS,PF,7.8%," $11,923,499.00 "," $10,848,215.00 "," $1,075,284.00 ",0.29,1.219432105,0.919,1934,14.5,FALSE
Precious Achiuwa,26,SAC,C,7.8%," $11,896,951.00 ",," $9,785,435.00 ",-0.48,-0.078380213,-1.492,1745,17.6,TRUE
Derrick Jones Jr.,28,LAC,SF,7.7%," $11,751,070.00 "," $10,476,190.00 "," $1,274,880.00 ",1.28,-0.05737514,0.329,1350,15.1,FALSE
Isaiah Joe,26,OKC,SG,7.6%," $11,671,969.00 "," $11,323,006.00 "," $348,963.00 ",0.25,1.455817321,2.592,1507,18.4,FALSE
Kris Murray,25,POR,SF,7.6%," $11,552,645.00 "," $5,315,004.00 "," $6,237,641.00 ",0.41,-0.990782559,-1.037,1333,10.6,FALSE
Goga Bitadze,26,ORL,C,7.5%," $11,487,567.00 "," $7,608,696.00 "," $3,878,871.00 ",1.02,2.41064179,2.016,972,13.5,FALSE
Kennedy Chandler,23,UTA,PG,7.5%," $11,411,740.00 ",,,-2.36,-0.762837715,-2.338,355,20.7,TRUE
Jake LaRavia,24,LAL,PF,7.4%," $11,251,706.00 "," $6,000,000.00 "," $5,251,706.00 ",-0.67,-0.903409086,-0.366,2061,14.4,FALSE
Tre Jones,26,CHI,PG,7.3%," $11,243,417.00 "," $8,000,000.00 "," $3,243,417.00 ",-0.25,0.806221335,1.951,1752,19.2,FALSE
Brandon Clarke,29,MEM,PF,7.3%," $11,240,276.00 "," $12,500,000.00 "," $(1,259,724.00)",1.16,-0.391070927,0.393,20,22.4,FALSE
Max Christie,22,DAL,SG,7.3%," $11,182,922.00 "," $8,285,714.00 "," $2,897,208.00 ",-1.23,-2.009924212,-1.661,2244,16.5,FALSE
Anfernee Simons,26,BOS,SG,7.2%," $11,028,746.00 ",," $(16,649,825.00)",-1.4,0.60208253,0.953,1202,23.7,TRUE
Day'Ron Sharpe,24,BRK,C,7.2%," $11,013,835.00 "," $6,250,000.00 "," $4,763,835.00 ",1.26,0.63382881,1.481,1160,19.9,FALSE
Ja'Kobe Walter,21,TOR,SG,7.2%," $10,989,417.00 "," $3,811,800.00 "," $7,177,617.00 ",0.06,-0.122517502,0.571,1474,14,FALSE
Noah Clowney,21,BRK,PF,7.2%," $10,951,855.00 "," $5,414,034.00 "," $5,537,821.00 ",-1.47,-2.780679995,-2.457,1780,20.4,FALSE
Tristan da Silva,24,ORL,SF,7.2%," $10,949,150.00 "," $3,991,200.00 "," $6,957,950.00 ",-0.96,-0.349771354,-0.128,1899,16.2,FALSE
Brandon Williams,26,DAL,PG,7.1%," $10,827,582.00 ",," $8,556,847.00 ",-0.06,1.261325749,-0.521,1463,25.1,TRUE
Draymond Green,35,GSW,PF,7.0%," $10,643,129.00 "," $27,678,571.00 "," $(17,035,442.00)",0.27,-0.915718248,-2.35,1869,16.1,FALSE
Jaylon Tyson,23,CLE,SG,6.9%," $10,627,214.00 "," $3,658,560.00 "," $6,968,654.00 ",-1.52,0.945521822,0.605,1777,19.3,FALSE
Sam Merrill,29,CLE,SG,6.9%," $10,515,677.00 "," $9,160,715.00 "," $1,354,962.00 ",0.06,1.406273864,1.487,1377,17,FALSE
Ziaire Williams,24,BRK,SF,6.7%," $10,295,611.00 "," $6,250,000.00 "," $4,045,611.00 ",-0.81,-0.828419234,-0.773,1281,18.9,FALSE
Grant Williams,27,CHO,PF,6.7%," $10,294,227.00 "," $14,265,750.00 "," $(3,971,523.00)",1,0.539575321,1.471,711,14.1,FALSE
Jarace Walker,22,IND,PF,6.6%," $10,102,074.00 "," $8,478,542.00 "," $1,623,532.00 ",-1.65,-1.912626636,-3.145,1953,20.7,FALSE
Bilal Coulibaly,21,WAS,SG,6.5%," $10,021,461.00 "," $9,240,012.00 "," $781,449.00 ",-1.1,-1.699336365,-1.3,1468,19.9,FALSE
Russell Westbrook,37,SAC,SF,6.5%," $9,992,972.00 ",," $7,696,698.00 ",-2.47,-0.319037033,-1.999,1853,25.9,TRUE
Lonzo Ball,28,CLE,PG,6.4%," $9,861,405.00 ",," $(138,595.00)",0.19,0.560973664,-2.056,728,13.7,TRUE
Dean Wade,29,CLE,PF,6.4%," $9,800,995.00 ",," $3,177,539.00 ",0.6,0.869961177,0.235,1318,9.9,TRUE
Mark Williams,24,PHO,C,6.4%," $9,779,371.00 ",," $3,502,840.00 ",-1.01,0.746292232,1.912,1416,17.4,TRUE
Jeremiah Fears,19,NOP,PG,6.4%," $9,737,125.00 "," $7,896,240.00 "," $1,840,885.00 ",-0.79,-0.600212305,-2.905,2112,25.5,FALSE
Zaccharie Risacher,20,ATL,SF,6.3%," $9,643,618.00 "," $13,826,040.00 "," $(4,182,422.00)",-2.23,-0.122540032,-1.741,1503,17.6,FALSE
Brandon Williams,26,DAL,PG,6.3%," $9,635,526.00 ",," $7,364,791.00 ",-0.06,1.261325749,-0.521,1463,25.1,TRUE
Luke Kornet,30,SAS,C,6.3%," $9,625,431.00 "," $10,450,000.00 "," $(824,569.00)",0.43,1.172933835,1.254,1430,10.3,FALSE
Taylor Hendricks,22,MEM,PF,6.3%," $9,606,103.00 "," $7,805,900.00 "," $1,800,203.00 ",-0.43,-1.952680004,0.005,626,18.2,FALSE
Kevin Huerter,27,CHI,SF,6.3%," $9,574,768.00 ",," $(8,416,303.00)",-0.22,0.137229566,-0.586,1037,19.2,TRUE
Daniel Gafford,27,DAL,C,6.2%," $9,543,729.00 "," $17,263,584.00 "," $(7,719,855.00)",-0.14,0.728309674,0.135,1195,15.8,FALSE
Cedric Coward,22,MEM,SG,6.2%," $9,514,342.00 "," $6,001,080.00 "," $3,513,262.00 ",-0.25,-1.578084489,-0.139,1598,21.5,FALSE
Kyle Kuzma,30,MIL,PF,6.2%," $9,463,091.00 "," $20,345,152.00 "," $(10,882,061.00)",-2.88,-1.975807016,-1.645,1806,21.8,FALSE
Jaylin Williams,23,OKC,PF,6.1%," $9,370,074.00 "," $7,774,648.00 "," $1,595,426.00 ",0.09,1.58596329,0.889,1277,15.6,FALSE
Patrick Williams,24,CHI,PF,6.1%," $9,351,183.00 "," $18,000,000.00 "," $(8,648,817.00)",-2.7,-2.463324378,-4.802,1474,16.6,FALSE
Luguentz Dort,26,OKC,SF,6.1%," $9,319,455.00 "," $18,222,222.00 "," $(8,902,767.00)",-0.63,-0.691995615,-1.688,1849,14.1,FALSE
Jordan Goodwin,27,PHO,PG,6.0%," $9,207,878.00 ",," $6,858,300.00 ",0.6,1.922765077,1.521,1572,17.5,TRUE
Collin Murray-Boyles,20,TOR,PF,6.0%," $9,171,753.00 "," $6,649,560.00 "," $2,522,193.00 ",0.8,1.089997208,1.491,1246,15.5,FALSE
Justin Champagnie,24,WAS,SF,6.0%," $9,168,877.00 "," $2,667,944.00 "," $6,500,933.00 ",0.71,-0.586262549,0.012,1377,16.7,FALSE
Josh Okogie,27,HOU,SG,6.0%," $9,141,156.00 ",," $6,844,882.00 ",0.11,-0.606741716,0.017,1354,11.3,TRUE
Collin Sexton,27,CHO,SG,5.9%," $9,076,347.00 ",," $(9,898,653.00)",-0.3,-0.342513019,1.639,938,25.7,TRUE
Matisse Thybulle,28,POR,SG,5.9%," $9,061,838.00 ",," $(2,488,162.00)",0.78,1.564526461,6.838,480,14.7,TRUE
Yves Missi,21,NOP,C,5.9%," $9,023,201.00 "," $3,512,760.00 "," $5,510,441.00 ",-0.92,0.086260419,-2.568,1297,12.6,FALSE
Derik Queen,21,NOP,C,5.9%," $9,008,803.00 "," $5,416,080.00 "," $3,592,723.00 ",-0.51,0.012838335,-2.416,2023,21.8,FALSE
Dereck Lively II,21,DAL,C,5.9%," $8,994,291.00 "," $7,239,131.00 "," $1,755,160.00 ",0.47,0.555838523,-0.952,115,11.8,FALSE
Ayo Dosunmu,26,CHI,SG,5.9%," $8,977,276.00 ",," $1,458,758.00 ",-0.59,-0.886973644,1.475,1187,20.8,TRUE
Isaac Okoro,25,CHI,SG,5.8%," $8,852,687.00 "," $11,814,814.00 "," $(2,962,127.00)",-1.24,-2.563398017,-2.646,1695,13.6,FALSE
De'Andre Hunter,28,CLE,SF,5.6%," $8,543,041.00 "," $24,910,714.00 "," $(16,367,673.00)",-1.4,-0.301431485,-2.783,1125,22.9,FALSE
Royce O'Neale,32,PHO,SF,5.6%," $8,533,674.00 "," $10,875,000.00 "," $(2,341,326.00)",-1.25,-1.348585252,-0.964,2213,14.3,FALSE
Brook Lopez,37,LAC,C,5.6%," $8,512,189.00 "," $9,187,500.00 "," $(675,311.00)",-0.96,0.375857125,-2.135,1635,17.2,FALSE
Ryan Kalkbrenner,24,CHO,C,5.5%," $8,437,978.00 "," $2,411,090.00 "," $6,026,888.00 ",0.65,0.247083658,0.408,1479,11.6,FALSE
Clint Capela,31,HOU,C,5.5%," $8,424,858.00 "," $7,035,000.00 "," $1,389,858.00 ",0.9,0.466586448,0.752,926,13.7,FALSE
Ryan Dunn,23,PHO,SF,5.5%," $8,390,650.00 "," $2,784,240.00 "," $5,606,410.00 ",-0.24,0.353154615,-0.476,1355,13.7,FALSE
Cam Spencer,25,MEM,SG,5.5%," $8,356,502.50 "," $2,411,090.00 "," $5,945,412.50 ",-0.58,-0.402449682,1.852,1714,17.2,FALSE
Mouhamed Gueye,23,ATL,PF,5.4%," $8,249,239.00 "," $2,406,205.00 "," $5,843,034.00 ",1.03,0.707459063,-0.226,1179,12.4,FALSE
Malik Monk,27,SAC,SG,5.4%," $8,246,114.50 "," $20,190,035.00 "," $(11,943,920.50)",-0.77,-0.926603393,-1.848,1364,24,FALSE
Gui Santos,23,GSW,PF,5.4%," $8,230,290.50 "," $4,629,630.00 "," $3,600,660.50 ",0.59,0.35465995,0.028,1395,18.7,FALSE
bones hyland,25,MIN,PG,5.4%," $8,198,696.50 ",," $5,902,422.50 ",,1.512474159,-0.055,1177,20.6,TRUE
Klay Thompson,35,DAL,SF,5.3%," $8,159,948.00 "," $17,460,317.00 "," $(9,300,369.00)",-1.22,-1.574463535,-2.764,1497,22.7,FALSE
Jay Huff,27,IND,C,5.3%," $8,128,019.00 "," $2,667,944.00 "," $5,460,075.00 ",-0.08,0.284009866,-1.736,1719,18,FALSE
Isaiah Stewart,24,DET,C,5.3%," $8,090,333.50 "," $15,000,000.00 "," $(6,909,666.50)",-1.85,0.05324697,-2.019,1317,16.6,FALSE
Baylor Scheierman,25,BOS,SG,5.2%," $7,908,241.50 "," $2,744,040.00 "," $5,164,201.50 ",-0.7,0.420798682,0.501,1429,11.9,FALSE
Luka Garza,27,BOS,C,5.1%," $7,839,393.00 "," $2,801,346.00 "," $5,038,047.00 ",0.91,1.079173601,1.253,1118,17.7,FALSE
Landry Shamet,28,NYK,SG,5.1%," $7,816,309.00 ",," $5,520,035.00 ",0.52,0.842858722,0.355,1171,15.7,TRUE
Gradey Dick,22,TOR,SG,5.1%," $7,777,474.00 "," $7,131,511.00 "," $645,963.00 ",-1.93,-1.827248277,-1.315,1067,18.7,FALSE
Dominick Barlow,22,PHI,PF,5.0%," $7,725,986.00 "," $3,415,000.00 "," $4,310,986.00 ",-0.25,-0.723331264,-0.187,1689,12.8,FALSE
Josh Green,25,CHO,SG,5.0%," $7,722,095.00 "," $14,679,012.00 "," $(6,956,917.00)",0.19,-0.74356807,0.936,908,10.6,FALSE
Scoot Henderson,21,POR,PG,5.0%," $7,701,484.50 "," $13,585,523.00 "," $(5,884,038.50)",-0.86,-0.367455167,-1.451,748,25,FALSE
Gary Payton II,33,GSW,SG,5.0%," $7,580,973.00 ",," $5,284,699.00 ",-0.06,1.87419634,2.668,1142,18.4,TRUE
Ace Bailey,19,UTA,SF,4.9%," $7,532,124.50 "," $9,523,080.00 "," $(1,990,955.50)",-2.2,-2.687211075,-4.016,1988,21.4,FALSE
Lucas Williamson,27,MEM,SG,4.9%," $7,510,982.50 ",," $7,489,036.50 ",-2.71,-1.548251753,-4.177,224,16.4,TRUE
Isaiah Collier,21,UTA,PG,4.9%," $7,490,630.00 "," $2,763,960.00 "," $4,726,670.00 ",-1.76,-1.337407534,-2.617,1517,20.4,FALSE
Aaron Wiggins,27,OKC,SG,4.9%," $7,485,137.00 "," $9,224,300.00 "," $(1,739,163.00)",-0.53,0.061279463,-0.669,1414,19.9,FALSE
Jose Alvarado,27,NOP,PG,4.9%," $7,433,153.00 "," $4,500,000.00 "," $2,933,153.00 ",0.27,-0.168200921,-2.242,896,15.7,FALSE
Luke Kennard,29,ATL,SG,4.8%," $7,323,870.00 ",," $(3,676,130.00)",-0.47,-1.636501722,0.486,944,12.7,TRUE
Jonathan Kuminga,23,GSW,PF,4.8%," $7,319,614.50 "," $24,300,000.00 "," $(16,980,385.50)",-1.3,-0.026731018,-3.883,476,24,FALSE
Olivier-Maxence Prosper,23,MEM,PF,4.8%," $7,271,789.00 "," $1,002,360.00 "," $6,269,429.00 ",-0.07,-1.757698918,-0.326,984,18.9,FALSE
Pelle Larsson,24,MIA,SG,4.7%," $7,228,628.00 "," $2,296,271.00 "," $4,932,357.00 ",-0.69,0.090131664,-0.051,1849,16.8,FALSE
Jordan Clarkson,33,NYK,SG,4.7%," $7,194,022.50 ",," $(3,457,538.50)",-1.74,-1.250083408,-1.622,1279,21.1,TRUE
Jock Landale,30,MEM,C,4.7%," $7,167,564.00 ",," $4,871,290.00 ",-0.67,-0.113110171,-1.936,1060,18.6,TRUE
Cody Williams,21,UTA,SG,4.7%," $7,149,680.00 "," $6,015,600.00 "," $1,134,080.00 ",-3,-2.959174738,-4.04,1631,16,FALSE
Ousmane Dieng,22,MIL,C,4.7%," $7,148,198.00 ",," $477,316.00 ",-3.7,-1.523876697,-5.885,804,21.5,TRUE
Tristan Vukcevic,22,WAS,C,4.7%," $7,134,790.00 ",,,0.8,-0.170050684,-3.47,671,26.6,TRUE
Svi Mykhailiuk,28,UTA,SF,4.6%," $7,105,604.00 "," $3,850,000.00 "," $3,255,604.00 ",-0.6,-2.21571315,-2.133,1156,14.8,FALSE
Ben Sheppard,24,IND,SG,4.6%," $7,095,022.50 "," $5,031,669.00 "," $2,063,353.50 ",-1.4,-1.582195716,-2.58,1390,13.8,FALSE
Bruce Brown,29,DEN,SG,4.6%," $6,998,223.50 ",," $4,701,949.50 ",-2.81,-1.572478308,-1.345,1998,14.5,TRUE
Jamal Shead,23,TOR,PG,4.6%," $6,997,202.50 "," $2,296,271.00 "," $4,700,931.50 ",-0.49,0.377267463,-0.768,1852,15.5,FALSE
Kentavious Caldwell-Pope,32,MEM,SG,4.6%," $6,978,468.00 "," $21,621,500.00 "," $(14,643,032.00)",-0.98,-1.547281267,-2.015,1088,17.7,FALSE
Jaylen Wells,22,MEM,SG,4.6%," $6,977,841.00 "," $2,296,271.00 "," $4,681,570.00 ",-0.92,-1.895112648,-1.768,1821,19.3,FALSE
Jarred Vanderbilt,26,LAL,PF,4.5%," $6,886,794.50 "," $12,428,571.00 "," $(5,541,776.50)",0.63,-0.474666598,-1.231,1128,12.4,FALSE
Oso Ighodaro,23,PHO,PF,4.5%," $6,884,349.00 "," $2,296,271.00 "," $4,588,078.00 ",0.62,0.554018689,1.25,1808,12.2,FALSE
John Konchar,29,UTA,SG,4.4%," $6,723,028.50 "," $6,165,000.00 "," $558,028.50 ",-0.3,0.35517385,1.976,680,9.8,FALSE
Jordan Poole,26,NOP,PG,4.4%," $6,703,150.50 "," $34,044,642.00 "," $(27,341,491.50)",-1.86,-0.967551997,-4.644,933,25.1,FALSE
Simone Fontecchio,30,MIA,SF,4.3%," $6,551,170.50 ",," $(1,756,521.50)",0,0.340799266,-0.236,1173,19.6,TRUE
Javonte Green,32,DET,SG,4.3%," $6,546,261.00 ",," $4,249,987.00 ",0.53,1.216355016,3.271,1446,14.8,TRUE
Jaxson Hayes,25,LAL,C,4.3%," $6,542,226.00 ",," $3,092,903.00 ",0.07,0.844589343,0.454,1207,13,TRUE
Bradley Beal,32,LAC,SG,4.3%," $6,519,452.00 "," $19,383,010.00 "," $(12,863,558.00)",-1.41,-0.475082378,-7.17,121,22.2,FALSE
Leonard Miller,22,CHI,SF,4.2%," $6,389,294.00 "," $2,406,205.00 "," $3,983,089.00 ",-0.95,-0.525801537,0.147,624,18.3,FALSE
Max Strus,29,CLE,SF,4.2%," $6,357,675.50 "," $16,660,836.00 "," $(10,303,160.50)",-0.19,-0.066475784,-1.599,288,17.4,FALSE
Kobe Brown,26,IND,PF,4.1%," $6,307,319.50 "," $4,792,059.00 "," $1,515,260.50 ",-0.98,-2.339191799,-2.394,668,15.2,FALSE
Tre Johnson,19,WAS,SG,4.1%," $6,269,373.50 "," $8,649,600.00 "," $(2,380,226.50)",-3.05,-4.127531271,-4.205,1443,22.5,FALSE
Jonathan Isaac,28,ORL,PF,4.0%," $6,187,517.50 "," $14,500,000.00 "," $(8,312,482.50)",0.69,0.671384596,-1.939,521,12.4,FALSE
Khris Middleton,34,WAS,SF,4.0%," $6,177,466.00 ",," $(27,118,830.00)",-1.42,-1.39665163,-3.081,827,19.6,TRUE
Jordan Walsh,21,BOS,PF,4.0%," $6,087,653.00 "," $2,406,205.00 "," $3,681,448.00 ",0.57,0.242863927,0.99,1212,11.7,FALSE
Josh Minott,23,BOS,PF,4.0%," $6,049,257.50 "," $2,584,539.00 "," $3,464,718.50 ",1.17,0.169591178,2.316,526,13.8,FALSE
Kyle Anderson,32,UTA,SF,3.9%," $5,967,297.50 ",," $(3,252,214.50)",-1.3,-0.374792745,-0.218,401,14.6,TRUE
Alondes Williams,26,WAS,SG,3.9%," $5,955,084.00 ",," $5,823,114.00 ",-0.42,0.097563023,4.159,101,14.3,TRUE
Jordan Miller,26,LAC,SF,3.9%," $5,913,449.00 "," $2,497,812.00 "," $3,415,637.00 ",-0.09,-0.029646975,0.23,1325,18,FALSE
Marvin Bagley III,26,WAS,PF,3.9%," $5,912,198.50 ",," $3,615,924.50 ",-1.21,0.240756602,0.875,731,19,TRUE
Maxime Raynaud,22,SAC,C,3.8%," $5,863,271.50 "," $2,150,917.00 "," $3,712,354.50 ",-1.71,-1.982852115,-3.249,1964,18.2,FALSE
Nicolas Batum,37,LAC,PF,3.8%," $5,858,399.50 "," $5,881,680.00 "," $(23,280.50)",-1.62,-1.377148098,-2.11,1295,9.6,FALSE
Jeremy Sochan,22,SAS,PF,3.8%," $5,853,313.50 ",," $(1,242,917.50)",-0.57,-1.718926607,-3.993,358,14.6,TRUE
Obi Toppin,27,IND,PF,3.8%," $5,834,499.00 "," $15,000,000.00 "," $(9,165,501.00)",-0.27,1.20616543,1.628,424,24.8,FALSE
Scotty Pippen Jr.,25,MEM,PG,3.8%," $5,830,911.50 "," $2,461,462.00 "," $3,369,449.50 ",0.12,-0.564866976,-0.521,212,26.1,FALSE
Will Richard,23,GSW,SG,3.8%," $5,773,348.00 "," $2,150,917.00 "," $3,622,431.00 ",-0.58,-0.56778431,-0.483,1377,13,FALSE
Cam Thomas,24,BRK,SG,3.8%," $5,751,434.50 ",," $(241,737.50)",-1.56,-1.123847423,-4.749,582,30.3,TRUE
Andre Drummond,32,PHI,C,3.7%," $5,722,213.00 ",," $722,213.00 ",-1.1,0.290188302,-2.063,1231,14.9,TRUE
Zach Collins,28,CHI,C,3.7%," $5,641,334.50 ",," $(12,439,161.50)",0.01,0.721030398,-0.603,184,18.8,TRUE
craig porter jr.,25,CLE,PG,3.7%," $5,618,100.00 "," $2,406,205.00 "," $3,211,895.00 ",,2.087523557,0.058,1148,12.3,FALSE
Rob Dillingham,21,CHI,PG,3.7%," $5,594,850.00 "," $6,889,320.00 "," $(1,294,470.00)",-2.83,-2.433290606,-5.567,644,22.7,FALSE
T.J. McConnell,33,IND,PG,3.6%," $5,573,593.50 "," $11,000,000.00 "," $(5,426,406.50)",-0.47,0.913213305,2.795,963,23.2,FALSE
Dru Smith,28,MIA,SG,3.6%," $5,526,655.50 "," $2,584,539.00 "," $2,942,116.50 ",-0.61,1.198332602,2.889,1141,15.2,FALSE
Markelle Fultz,27,TOR,PG,3.6%," $5,481,355.00 ",,,-2.2,-1.005915384,-12.762,36,17.9,TRUE
Kasparas Jakučionis,19,MIA,PG,3.6%," $5,476,911.00 "," $3,841,680.00 "," $1,635,231.00 ",0.17,-0.15043018,-1.419,945,13.7,FALSE
Al Horford,39,GSW,C,3.5%," $5,403,279.50 "," $5,969,250.00 "," $(565,970.50)",-1.13,1.378834386,-1.242,969,16.5,FALSE
Dwight Powell,34,DAL,C,3.5%," $5,359,547.00 ",," $1,359,547.00 ",0.83,-0.540584113,-1.518,904,8.9,TRUE
Terance Mann,29,BRK,SG,3.5%," $5,359,223.00 "," $15,500,000.00 "," $(10,140,777.00)",-2.27,-2.627195475,-2.244,1529,13.5,FALSE
Jaden Ivey,23,DET,SG,3.5%," $5,349,830.00 ",," $(4,757,333.00)",-1.72,-1.178479137,-0.998,555,20.4,TRUE
Caris LeVert,31,DET,SG,3.4%," $5,202,824.50 "," $14,809,200.00 "," $(9,606,375.50)",-2.62,-0.859288708,-1.29,1154,18.4,FALSE
Daniss Jenkins,24,DET,PG,3.4%," $5,177,400.00 "," $4,000,000.00 "," $1,177,400.00 ",-1.66,0.492966652,-0.746,1455,21.5,FALSE
Dalton Knecht,24,LAL,SF,3.3%," $5,117,268.50 "," $4,201,080.00 "," $916,188.50 ",-1.18,-2.667357956,-5.241,553,17.7,FALSE
Chris Boucher,33,BOS,PF,3.3%," $5,106,404.00 ",," $2,810,130.00 ",-0.35,-0.131341601,-1.901,94,12.8,TRUE
Nique Clifford,23,SAC,SG,3.3%," $5,058,243.00 "," $3,263,400.00 "," $1,794,843.00 ",-1.81,-1.225563581,-3.023,1882,17,FALSE
Quinten Post,25,GSW,PF,3.2%," $4,961,797.00 ",," $3,006,420.00 ",-0.58,-0.212019462,-1.446,1159,18.8,TRUE
Sidy Cissoko,21,POR,SF,3.2%," $4,909,557.00 "," $2,497,812.00 "," $2,411,745.00 ",0.06,-1.169113618,-3.083,1435,12.5,FALSE
Tre Mann,24,CHO,PG,3.2%," $4,856,459.50 "," $8,000,000.00 "," $(3,143,540.50)",-2.83,-1.27684359,-6.295,669,23.3,FALSE
Keon Ellis,26,SAC,SG,3.2%," $4,836,598.00 ",," $2,535,011.00 ",0.68,0.495748123,-2.449,758,13.7,TRUE
Charles Bassey,25,GSW,C,3.2%," $4,833,451.00 ",," $4,569,511.00 ",0.05,0.023052817,1.553,100,17.3,TRUE
Will Riley,19,WAS,SF,3.1%," $4,813,118.50 "," $3,688,320.00 "," $1,124,798.50 ",-2,-3.969849477,-3.876,1633,20.2,FALSE
Jett Howard,22,ORL,SF,3.1%," $4,789,221.00 "," $7,337,939.00 "," $(2,548,718.00)",-2.4,-1.110045625,-3.313,695,17.2,FALSE
Kenrich Williams,31,OKC,PF,3.1%," $4,782,965.50 "," $7,163,000.00 "," $(2,380,034.50)",-0.08,-0.176124025,-0.432,855,18.3,FALSE
Sion James,23,CHO,SG,3.1%," $4,697,860.00 "," $2,411,090.00 "," $2,286,770.00 ",-1.51,0.251969332,-0.867,1843,11,FALSE
Julian Strawther,23,DEN,SG,3.1%," $4,696,757.00 "," $4,826,931.00 "," $(130,174.00)",-1.53,-1.23500891,-1.521,861,19.4,FALSE
Cam Whitmore,21,WAS,SF,3.1%," $4,695,022.50 "," $5,458,310.00 "," $(763,287.50)",-1.26,-1.33452442,-3.609,354,23.7,FALSE
Jordan Hawkins,23,NOP,SG,3.1%," $4,690,861.50 "," $7,021,895.00 "," $(2,331,033.50)",-3.78,-3.087897292,-6.403,692,18.2,FALSE
Larry Nance Jr.,33,CLE,PF,3.1%," $4,677,888.50 ",," $2,381,614.50 ",-1.93,-0.734051813,-2.864,449,14,TRUE
Spencer Jones,24,DEN,SF,3.0%," $4,629,512.50 ",," $4,005,545.50 ",-1.14,-2.040295203,-1.841,1417,9.7,TRUE
Thomas Bryant,28,CLE,C,3.0%," $4,625,463.00 ",," $2,329,189.00 ",-0.73,1.10559414,-0.889,732,18.6,TRUE
Isaiah Jackson,24,IND,C,3.0%," $4,614,259.00 "," $7,000,000.00 "," $(2,385,741.00)",-0.16,0.704612807,-2.267,638,16,FALSE
Dalen Terry,23,CHI,SG,3.0%," $4,576,040.00 ",," $(823,078.00)",-0.6,-0.167807584,-0.645,377,14.4,TRUE
Danny Wolf,21,BRK,PF,3.0%," $4,562,888.50 "," $2,941,440.00 "," $1,621,448.50 ",-1.34,-0.848184206,-2.933,1187,20.6,FALSE
Jericho Sims,27,MIL,C,3.0%," $4,544,035.00 "," $2,801,346.00 "," $1,742,689.00 ",-1.98,-2.962642093,-4.281,1318,9.8,FALSE
Nick Richards,28,CHI,C,3.0%," $4,514,146.00 ",," $(485,854.00)",-1.74,-0.954503258,-5.588,447,18.3,TRUE
Hugo González,19,BOS,SF,2.9%," $4,482,353.00 "," $2,923,560.00 "," $1,558,793.00 ",-0.74,0.24942957,-0.124,1084,11.8,FALSE
Taurean Prince,31,MIL,SF,2.9%," $4,470,796.50 "," $3,815,861.00 "," $654,935.50 ",-1.25,-1.96407882,-2.261,611,16.2,FALSE
Buddy Hield,33,GSW,SG,2.9%," $4,440,837.00 "," $9,658,536.00 "," $(5,217,699.00)",-0.84,-0.666483467,-1.427,768,19.7,FALSE
Kobe Sanders,23,LAC,SG,2.9%," $4,415,347.00 "," $2,150,917.00 "," $2,264,430.00 ",-1.09,-1.213805078,-1.886,1351,16.3,FALSE
Devin Carter,23,SAC,PG,2.9%," $4,390,496.00 "," $5,158,080.00 "," $(767,584.00)",-0.26,0.459807367,-3.027,700,23.5,FALSE
Gary Harris,31,MIL,SG,2.8%," $4,343,979.50 "," $3,815,861.00 "," $528,118.50 ",-0.82,-2.501870428,-3.124,661,8.5,FALSE
Jevon Carter,30,ORL,PG,2.8%," $4,317,658.50 ",," $3,446,658.50 ",-0.86,-0.480513381,-2.387,613,16,TRUE
Corey Kispert,26,ATL,SF,2.8%," $4,286,169.50 "," $13,975,000.00 "," $(9,688,830.50)",-1.76,-0.454384771,-3.936,710,19.6,FALSE
Nolan Traore,19,BRK,PG,2.8%," $4,270,947.50 "," $4,002,000.00 "," $268,947.50 ",-2.39,-3.247246032,-5.98,1243,22.8,FALSE
Zeke Nnaji,25,DEN,PF,2.8%," $4,240,656.00 "," $7,466,667.00 "," $(3,226,011.00)",-2.32,-1.869617118,-4.216,626,13.7,FALSE
Joan Beringer,19,MIN,PF,2.7%," $4,179,033.80 "," $4,411,200.00 "," $(232,166.25)",0.26,0.467083412,2.166,314,16.8,FALSE
Guerschon Yabusele,30,CHI,C,2.7%," $4,139,025.20 ",," $(1,360,974.75)",-1.49,-0.753979397,-3.429,641,16.7,TRUE
Moritz Wagner,28,ORL,C,2.7%," $4,116,477.00 ",," $(883,523.00)",-1.21,0.484049385,-2.972,427,24.3,TRUE
Jared McCain,21,PHI,SG,2.7%," $4,055,769.50 "," $4,422,600.00 "," $(366,830.50)",-1.5,-1.825440754,-2.102,620,18.5,FALSE
Kevon Looney,29,NOP,C,2.6%," $4,052,453.00 "," $8,000,000.00 "," $(3,947,547.00)",-0.28,0.091105141,-3.289,308,9.9,FALSE
Mouhamadou Gueye,27,CHI,PF,2.6%," $4,035,275.80 ",,,-2.9,0.228736101,-0.595,45,14.6,TRUE
MarJon Beauchamp,25,PHI,SF,2.6%," $4,033,854.50 ",,,-1.2,-0.175172433,-1.993,196,21,TRUE
Nae'Qwan Tomlin,25,CLE,PF,2.6%," $3,972,583.50 "," $2,411,090.00 "," $1,561,493.50 ",-0.72,0.05202913,-0.288,1004,15.5,FALSE
Aaron Holiday,29,HOU,PG,2.6%," $3,966,660.50 ",," $1,670,386.50 ",-1.17,-1.688892384,-1.941,781,16.6,TRUE
D'Angelo Russell,29,DAL,PG,2.5%," $3,885,273.20 "," $5,969,250.00 "," $(2,083,976.75)",-1.2,-0.427900252,-3.993,495,26,FALSE
Adem Bona,22,PHI,C,2.5%," $3,825,910.50 "," $2,296,271.00 "," $1,529,639.50 ",-0.44,-0.683984433,-3.016,1234,11.1,FALSE
Mason Plumlee,35,CHO,C,2.5%," $3,774,298.80 ",," $1,478,024.75 ",-1.52,-0.127531872,-0.598,125,8.9,TRUE
Kobe Bufkin,22,LAL,SG,2.5%," $3,767,940.80 ",," $(735,779.25)",-2.91,-0.499094767,-9.054,119,22.1,TRUE
Ochai Agbaji,25,TOR,SG,2.5%," $3,762,459.50 ",," $(2,621,065.50)",-1.79,-1.817436344,-3.633,650,13.3,TRUE
Malachi Smith,26,BRK,SG,2.5%," $3,749,183.00 ",," $3,676,030.00 ",-0.98,-1.382392764,0.169,359,14.2,TRUE
DeJon Jarreau,28,MEM,SG,2.4%," $3,686,331.00 ",,,-1.79,-1.252891665,-5.483,231,21.4,TRUE
Jaden Hardy,23,WAS,SG,2.4%," $3,650,723.00 "," $6,000,000.00 "," $(2,349,277.00)",-1.78,-1.924320802,-4.667,470,25.4,FALSE
Drake Powell,20,BRK,SG,2.4%," $3,650,349.80 "," $3,540,600.00 "," $109,749.75 ",-3.3,-4.503754238,-5.336,1320,14.9,FALSE
Micah Potter,27,IND,C,2.4%," $3,633,972.00 "," $2,801,346.00 "," $832,626.00 ",-0.32,0.214026584,-0.912,908,18,FALSE
Doug McDermott,34,SAC,SF,2.4%," $3,626,451.80 ",," $1,330,177.75 ",-1.7,-1.577736341,-5.447,439,15.1,TRUE
Terrence Shannon Jr.,25,MIN,SG,2.4%," $3,610,697.50 "," $2,801,640.00 "," $809,057.50 ",-1.82,-1.466096813,-3.283,538,17.7,FALSE
Vince Williams Jr.,25,MEM,PG,2.3%," $3,548,594.00 ",," $1,247,007.00 ",-1.5,-0.955836923,-3.274,736,19.6,TRUE
Malaki Branham,22,WAS,SG,2.3%," $3,544,869.00 ",," $(1,417,164.00)",-1.61,-0.590471275,-1.542,275,18.4,TRUE
Kelly Olynyk,34,SAS,C,2.3%," $3,541,171.00 ",," $(9,903,951.00)",-2.06,-0.460140336,-2.878,360,16,TRUE
David Roddy,24,DEN,PF,2.3%," $3,502,382.80 ",,,-1.55,-0.466705088,3.799,73,20.9,TRUE
Dillon Jones,24,NYK,SF,2.3%," $3,497,899.00 ",," $744,619.00 ",-1.83,-0.366917385,0.539,39,11.8,TRUE
Jaylen Clark,24,MIN,SG,2.2%," $3,360,568.20 ",," $1,168,671.25 ",-0.24,-0.655868218,-0.345,888,13.3,TRUE
AJ Johnson,21,DAL,SG,2.2%," $3,317,081.80 "," $3,237,120.00 "," $79,961.75 ",-3.24,-0.959588761,-6.786,240,20.5,FALSE
Mike Conley,38,MIN,PG,2.2%," $3,315,488.50 ",," $2,589,654.50 ",-1.7,-0.335548831,-2.428,991,11.5,TRUE
Jeff Green,39,HOU,PF,2.2%," $3,293,781.50 ",," $997,507.50 ",-4.69,-1.385238066,-5.787,175,17.8,TRUE
Patrick Baldwin Jr.,23,SAC,SF,2.1%," $3,237,414.50 ",," $3,105,444.50 ",-1.84,0.217626658,-4.847,88,14.1,TRUE
Nick Smith Jr.,21,LAL,SG,2.1%," $3,207,207.20 ",," $496,527.25 ",-2.36,-2.135906162,-3.654,375,22,TRUE
Anthony Gill,33,WAS,PF,2.1%," $3,195,972.00 ",," $899,698.00 ",-1.36,-3.286199113,-2.235,951,11.9,TRUE
Marcus Sasser,25,DET,PG,2.1%," $3,190,488.20 "," $5,198,983.00 "," $(2,008,494.75)",-1.29,-1.585821089,-1.429,457,19.6,FALSE
Justin Edwards,22,PHI,SF,2.1%," $3,152,813.00 "," $2,411,090.00 "," $741,723.00 ",-1.28,-1.07336505,-0.762,977,16.1,FALSE
Jae'Sean Tate,30,HOU,SF,2.1%," $3,140,199.00 ",," $843,925.00 ",-1.63,-2.709424381,-3.359,405,13.5,TRUE
Johnny Furphy,21,IND,SG,2.0%," $3,128,954.00 "," $2,296,271.00 "," $832,683.00 ",-0.71,-0.781067642,-2.573,643,12.8,FALSE
Kevin Love,37,UTA,PF,2.0%," $3,088,301.20 ",," $(1,061,698.75)",-1.78,0.487242649,-1.841,613,16.6,TRUE
Jabari Walker,23,PHI,PF,2.0%," $3,051,046.00 "," $2,584,539.00 "," $466,507.00 ",-0.7,-0.764449836,-1.902,762,15,FALSE
Bryce McGowens,23,NOP,SG,2.0%," $3,043,611.50 "," $2,584,539.00 "," $459,072.50 ",-1.51,-1.024081404,-0.822,880,14,FALSE
Caleb Martin,30,DAL,SF,2.0%," $3,015,313.50 "," $10,001,493.00 "," $(6,986,179.50)",-1.82,-1.240510224,-2.944,856,12.5,FALSE
Ben Saraf,19,BRK,SG,1.9%," $2,952,501.50 "," $3,028,560.00 "," $(76,058.50)",-3.37,-3.250581368,-5.179,916,21,FALSE
Carter Bryant,20,SAS,PF,1.9%," $2,951,953.80 "," $5,145,360.00 "," $(2,193,406.25)",-1.84,-0.645853315,-3.079,818,16.3,FALSE
Chris Paul,40,LAC,PG,1.9%," $2,900,152.20 ",," $603,878.25 ",-1.76,-0.15899879,-4.952,228,14.2,TRUE
Noah Penda,21,ORL,SF,1.9%," $2,887,515.80 "," $2,150,917.00 "," $736,598.75 ",-0.86,-0.307818154,-2.532,757,14.8,FALSE
Haywood Highsmith,29,PHO,SF,1.9%," $2,881,973.80 "," $3,018,158.00 "," $(136,184.25)",-0.2,-0.220533908,3.734,91,12.2,FALSE
nate williams,26,GSW,SG,1.9%," $2,875,727.00 ",,,,-1.673987114,-4.361,239,19.5,TRUE
nate williams,26,GSW,SG,1.9%," $2,875,727.00 ",,,,-1.673987114,-4.361,239,19.5,TRUE
Blake Wesley,22,POR,SG,1.9%," $2,854,477.00 ",," $558,203.00 ",-2.62,-0.620072716,-2.518,361,19.8,TRUE
Pat Spencer,29,GSW,PG,1.9%," $2,851,491.50 ",," $1,993,687.50 ",-2.03,-1.31614956,-3.081,1229,18.9,TRUE
Kyle Lowry,39,PHI,PG,1.8%," $2,774,012.00 ",," $477,738.00 ",-3.63,-0.686631818,-10.756,118,11.3,TRUE
nigel hayes-davis,31,PHO,SF,1.8%," $2,766,900.00 ",," $718,406.00 ",,-1.918542252,-7.701,195,12.1,TRUE
Caleb Houstan,23,ATL,SF,1.8%," $2,735,957.80 ",," $2,036,517.75 ",-0.96,-0.701565492,-0.04,75,17.4,TRUE
Asa Newell,20,ATL,PF,1.8%," $2,726,820.20 "," $3,399,480.00 "," $(672,659.75)",-0.56,-0.915221334,-1.881,500,17.1,FALSE
Micah Peavy,24,NOP,SG,1.8%," $2,695,218.80 "," $2,150,917.00 "," $544,301.75 ",-1.17,-1.220973813,-2.671,913,14,FALSE
Branden Carlson,26,OKC,C,1.8%," $2,683,670.50 ",,,-0.87,0.858186735,-1.753,488,18.9,TRUE
Garrison Mathews,29,IND,SG,1.7%," $2,640,250.20 ",," $2,210,925.25 ",-0.7,-0.116351856,-0.819,196,14.1,TRUE
Jonathan Mogbo,24,TOR,PF,1.7%," $2,636,481.00 "," $2,296,271.00 "," $340,210.00 ",-0.98,-1.175121106,-1.855,249,11.1,FALSE
Maxi Kleber,34,LAL,PF,1.7%," $2,603,653.20 ",," $(8,396,346.75)",-1.22,-2.045833594,-2.935,461,9.6,TRUE
Cole Anthony,25,MIL,PG,1.7%," $2,567,879.50 "," $3,700,000.00 "," $(1,132,120.50)",-1.56,-1.76345283,-5.614,527,25.8,FALSE
Tyler Kolek,24,NYK,PG,1.7%," $2,552,016.80 "," $2,296,271.00 "," $255,745.75 ",-0.93,-0.380796752,-1.562,727,18.4,FALSE
Dorian Finney-Smith,32,HOU,PF,1.7%," $2,540,419.50 "," $13,335,000.00 "," $(10,794,580.50)",-1.06,-2.673452487,-4.261,620,10.7,FALSE
Trendon Watford,25,PHI,PF,1.7%," $2,534,157.50 "," $2,801,346.00 "," $(267,188.50)",-1.59,-1.878772853,-3.528,864,17.9,FALSE
Pat Connaughton,33,CHO,SG,1.7%," $2,531,497.00 "," $3,815,861.00 "," $(1,284,364.00)",-2.11,-0.350073387,-0.938,297,14.9,FALSE
Tony Bradley,28,IND,C,1.7%," $2,524,856.00 ",," $(679,960.00)",-1.17,-1.338428043,-4.832,416,14.5,TRUE
Thanasis Antetokounmpo,33,MIL,SF,1.6%," $2,508,006.50 ",," $211,732.50 ",-1.12,0.919219347,0.746,148,16.5,TRUE
Tyrese Proctor,21,CLE,PG,1.6%," $2,502,557.80 "," $2,150,917.00 "," $351,640.75 ",-1.41,0.020671161,-2.702,545,22,FALSE
Gabe Vincent,29,LAL,PG,1.6%," $2,497,081.00 ",," $(9,002,919.00)",-2.04,-2.501661631,-5.625,559,11.5,TRUE
Tyus Jones,29,ORL,PG,1.6%," $2,484,146.50 ",," $(4,515,853.50)",-1.37,-0.492520177,-3.077,754,9.8,TRUE
DeAndre Jordan,37,NOP,C,1.6%," $2,480,627.50 ",," $210,747.50 ",-1.84,-0.024617575,-1.921,199,10.1,TRUE
Jalen Pickett,26,DEN,SG,1.6%," $2,479,397.80 "," $2,406,205.00 "," $73,192.75 ",-2.42,-2.322861902,-2.96,807,14.8,FALSE
Drew Eubanks,28,SAC,C,1.6%," $2,479,330.00 ",," $183,056.00 ",-1.32,-0.502430467,-4.678,552,16.3,TRUE
Mohamed Diawara,20,NYK,SF,1.6%," $2,448,303.50 ",," $1,175,433.50 ",-2.81,-1.139095333,-2.442,634,17.1,TRUE
Myron Gardner,24,MIA,SF,1.6%," $2,437,879.00 "," $2,150,917.00 "," $286,962.00 ",-0.73,0.945523889,1.673,411,15,FALSE
Cameron Payne,31,PHI,PG,1.6%," $2,404,165.80 ",," $1,691,528.75 ",-1.29,0.89687798,-0.018,374,19.2,TRUE
Christian Koloko,25,MEM,C,1.6%," $2,401,471.50 ",," $2,137,531.50 ",-2.4,-1.140281686,-3.375,195,9.3,TRUE
Joe Ingles,38,MIN,SF,1.6%," $2,380,838.00 ",," $84,564.00 ",-2.88,-0.788883298,-0.451,153,11.5,TRUE
Duop Reath,29,POR,C,1.6%," $2,373,588.00 ",," $151,911.00 ",-1.67,-1.111539299,-4.129,258,13.2,TRUE
E.J. Liddell,25,BRK,PF,1.5%," $2,333,478.80 "," $706,898.00 "," $1,626,580.75 ",-0.95,-1.054253369,-2.294,349,17.2,FALSE
Jalen Wilson,25,BRK,PF,1.5%," $2,310,071.20 ",," $88,394.25 ",-2.04,-2.024304233,-4.413,859,18.2,TRUE
Garrett Temple,39,TOR,SG,1.5%," $2,294,951.00 ",," $(1,323.00)",-2.58,-0.851715243,-5.204,73,15.3,TRUE
a.j. lawson,25,TOR,SG,1.5%," $2,293,005.80 ",,,,-0.374383148,0.358,226,17.5,TRUE
Keshad Johnson,24,MIA,SF,1.5%," $2,289,052.20 ",," $333,675.25 ",-0.36,-0.206921928,1.012,280,18.9,TRUE
Taj Gibson,40,MEM,C,1.5%," $2,254,108.80 ",,,-2.54,-0.754614566,-3.345,97,13.1,TRUE
Pete Nance,25,MIL,PF,1.5%," $2,253,725.20 ",,,-1.24,-1.36149017,-2.457,737,13.5,TRUE
Lindy Waters III,28,SAS,SG,1.5%," $2,243,330.00 ",," $(52,944.00)",-1.99,-1.624803103,-3.955,285,14.2,TRUE
Bismack Biyombo,33,SAS,C,1.5%," $2,228,890.80 ",," $(67,383.25)",-4.19,-2.233599482,-9.398,141,7.8,TRUE
Tyrese Martin,26,BRK,SG,1.5%," $2,221,329.50 ",," $29,432.50 ",-1.76,-0.628051051,-2.979,696,18.8,TRUE
Jeremiah Robinson-Earl,25,IND,PF,1.5%," $2,219,669.00 ",," $2,087,699.00 ",-1.39,-1.123286076,-4.988,300,14,TRUE
Ariel Hukporti,23,NYK,C,1.4%," $2,163,514.80 ",," $208,137.75 ",-1.85,-1.132941897,-3.877,498,10.9,TRUE
Rasheer Fleming,21,PHO,PF,1.4%," $2,157,598.80 "," $2,150,917.00 "," $6,681.75 ",-1.54,-1.100605965,-1.923,673,16.3,FALSE
Andre Jackson Jr.,24,MIL,SG,1.4%," $2,139,400.50 "," $2,406,205.00 "," $(266,804.50)",-1.57,-0.692212661,-5.559,408,17.8,FALSE
James Wiseman,24,IND,C,1.4%," $2,136,518.50 ",," $1,004,548.50 ",-1.92,-0.447635112,-10.192,58,11.6,TRUE
Jordan McLaughlin,29,SAS,PG,1.4%," $2,135,321.20 ",," $(160,952.75)",-1.58,-1.142918416,-1.776,282,14.5,TRUE
Amir Coffey,28,MIL,SG,1.4%," $2,127,707.20 ",," $(168,566.75)",-1.39,-1.770425505,-4.721,265,10.9,TRUE
Johnny Juzang,24,MIN,SG,1.3%," $2,055,257.00 ",,,-1.45,-0.61038604,-3.97,88,22.3,TRUE
Tyler Smith,21,DAL,PF,1.3%," $2,030,321.40 ",," $74,944.38 ",-2.66,-0.516666579,-3.018,166,14.8,TRUE
Mo Bamba,27,UTA,C,1.3%," $2,020,031.40 ",," $1,825,260.38 ",-1.81,-0.009564283,-4.299,38,11.9,TRUE
Jamison Battle,24,TOR,SF,1.3%," $2,000,971.90 "," $2,296,271.00 "," $(295,299.13)",-2.09,-2.738774529,-2.768,517,14.1,FALSE
Julian Phillips,22,CHI,SF,1.3%," $1,998,200.40 "," $2,406,205.00 "," $(408,004.63)",-0.97,-1.662506148,-2.25,334,12.5,FALSE
Monte Morris,30,IND,PG,1.3%," $1,980,278.60 ",," $1,659,094.63 ",-0.78,-0.034186352,-7.48,65,15.5,TRUE
Cam Christie,20,LAC,SG,1.3%," $1,962,440.90 "," $2,296,271.00 "," $(333,830.13)",-2.54,-0.983367071,-4.015,480,16.9,FALSE
Eric Gordon,37,PHI,SG,1.3%," $1,950,130.20 ",," $(346,143.75)",-1.79,-0.623055753,0.685,74,14.2,TRUE
Jamaree Bouyea,26,PHO,PG,1.3%," $1,932,841.20 ",,,-1.03,-0.163343656,-1.165,644,18.5,TRUE
Khaman Maluach,19,PHO,C,1.3%," $1,921,787.50 "," $6,316,680.00 "," $(4,394,892.50)",-0.92,-0.050103833,-3.764,411,14.8,FALSE
Mac McClung,27,CHI,SG,1.2%," $1,871,447.40 ",," $1,707,387.38 ",-1.73,0.603680505,-2.577,101,22.4,TRUE
Malevy Leons,26,GSW,SF,1.2%," $1,867,094.90 ",,,-2.05,-0.741151306,-2.598,276,14.4,TRUE
Keaton Wallace,26,ATL,PG,1.2%," $1,856,288.10 ",," $(439,985.88)",-2.33,-0.852243301,-4.013,536,16.1,TRUE
Jase Richardson,20,ORL,SG,1.2%," $1,848,580.50 "," $3,132,360.00 "," $(1,283,779.50)",-1.83,-1.560079038,-1.5,587,16.8,FALSE
Seth Curry,35,GSW,SG,1.2%," $1,847,357.20 ",," $92,159.25 ",-1.48,0.032347824,0.428,133,18,TRUE
Trey Jemison,26,NYK,C,1.2%," $1,775,895.90 ",,,-3.72,,-10.839,82,10.7,TRUE
Stanley Umude,26,SAS,SG,1.2%," $1,769,083.00 ",,,-1.67,-0.36117069,5.898,7,12,TRUE
Killian Hayes,24,SAC,PG,1.1%," $1,756,497.50 ",," $1,492,557.50 ",-1.61,0.299350476,-3.684,406,18.7,TRUE
Yang Hansen,20,POR,C,1.1%," $1,748,598.20 "," $4,643,520.00 "," $(2,894,921.75)",-2.84,-2.428693562,-11.895,300,19.9,FALSE
Dalano Banton,26,BOS,PG,1.1%," $1,721,206.50 ",," $1,589,236.50 ",-1.53,-0.55387615,-10.086,52,14,TRUE
Drew Timme,25,LAL,PF,1.1%," $1,691,698.40 ",," $(263,678.63)",-2.5,-1.490703525,-2.842,235,15.4,TRUE
Omer Yurtseven,27,GSW,C,1.1%," $1,687,230.60 ",,,-1.77,-0.2333136,-7.834,104,17.5,TRUE
Trayce Jackson-Davis,25,GSW,C,1.1%," $1,686,674.50 "," $2,406,205.00 "," $(719,530.50)",-1.4,0.108757427,-2.113,411,14.8,FALSE
Olivier Sarr,26,CLE,C,1.1%," $1,671,973.90 ",,,-2.08,0.143923247,2.73,39,12.1,TRUE
Isaiah Livers,27,PHO,PF,1.1%," $1,641,731.90 ",,,-1.62,-1.821528924,-3.001,347,9.9,TRUE
Amari Williams,24,BOS,PF,1.0%," $1,593,692.00 "," $2,150,917.00 "," $(557,225.00)",-2.79,-0.899755307,-5.428,146,11.1,FALSE
Isaac Jones,25,DET,PF,1.0%," $1,586,897.50 ",," $(368,479.50)",-3.61,-0.348130713,-8.86,19,15.1,TRUE
Antonio Reeves,25,CHO,SG,1.0%," $1,569,954.20 ",,,-1.05,-0.058191431,-0.12,68,13.1,TRUE
Rayan Rupert,21,POR,SG,1.0%," $1,554,997.60 ",," $(666,679.38)",-2.73,-2.636020122,-4.454,577,12.8,TRUE
Adou Thiero,21,LAL,SF,1.0%," $1,538,604.60 "," $2,150,917.00 "," $(612,312.38)",-1.77,-0.480134125,-3.984,149,14.6,FALSE
Liam McNeeley,20,CHO,SF,1.0%," $1,467,604.10 "," $2,902,080.00 "," $(1,434,475.88)",-1.57,0.063009768,-2.795,368,14.4,FALSE
Hunter Tyson,25,DEN,PF,1.0%," $1,462,435.20 ",," $(759,241.75)",-3.07,-0.475268613,-7.21,162,16.8,TRUE
Tosan Evbuomwan,24,NYK,SF,0.9%," $1,420,160.50 ",,,-2.2,-0.286071548,-11.236,8,5.4,TRUE
Chaz Lanier,24,DET,SG,0.9%," $1,409,641.20 "," $2,150,917.00 "," $(741,275.75)",-2.98,-2.013927804,-4.624,262,15,FALSE
Orlando Robinson,25,ORL,C,0.9%," $1,358,926.10 ",,,-3.19,-0.111105749,-0.107,25,8.4,TRUE
Bronny James,21,LAL,SG,0.9%," $1,343,567.50 "," $2,296,271.00 "," $(952,703.50)",-2.27,-2.218695347,-3.343,375,16.7,FALSE
Kam Jones,23,IND,SG,0.9%," $1,313,604.50 ",," $40,734.50 ",-1.99,-2.936339399,-3.931,616,14.4,TRUE
Sharife Cooper,24,WAS,PG,0.8%," $1,272,074.40 ",,,-1.68,-2.116545298,-4.184,700,20,TRUE
JD Davison,23,HOU,PG,0.6%," $848,774.80 ",," $(1,421,960.19)",-0.99,-0.474541254,-2.511,218,15.3,TRUE
